Keyword,Trạng thái,Search Intent,Macro Context,Semantic Query Network,Top 3 Đối thủ,Content Gaps,EAV Table,PAA Questions,FS/PAA Map,Smart N-Grams,Context Vectors & Guidelines,Structure Outline,Internal Links,Source Context Alignment,Koray Quality Score,Báo cáo phân tích dữ liệu,Full Content Brief
Thi quỹ hàng hóa,✅ Done,informational,"- **Central Entity**: Thi quỹ hàng hóa
- **Macro Context**: Thông tin về quy trình và lợi ích của việc tham gia thi quỹ hàng hóa trong giao dịch hàng hóa phái sinh.
- **Search Intent Type**: Informational
- **Intent Subtype**: What-is
- **Người dùng mục tiêu**: Những nhà đầu tư cá nhân hoặc doanh nghiệp đang tìm hiểu về thi quỹ hàng hóa để nâng cao kiến thức và đưa ra quyết định đầu tư.",31 keywords fetched,"https://vietnambiz.vn/thi-quy-trader-cap-von-giao-dich-va-chia-se-loi-nhuan-den-90-tu-sact-2026320155732982.htm
https://giacatloi.vn/trading-chinh-phuc-thi-truong-phai-sinh-hang-hoa/
https://deriv.com/vi/trading-competitions
https://litefinance.vn/contests/
https://mxv.com.vn/giao-dich/ky-quy.html","Quy trình đánh giá hiệu quả thi quỹ
Chiến lược quản lý rủi ro trong thi quỹ
Cách xây dựng danh mục đầu tư trong thi quỹ
Các yếu tố ảnh hưởng đến thành công trong thi quỹ
Phân tích tâm lý giao dịch trong thi quỹ hàng hóa","| Entity              | Attribute               | Value                |
|---------------------|-------------------------|----------------------|
| Thi quỹ hàng hóa    | Định nghĩa              | [CAN XAC MINH]       |
| Thi quỹ hàng hóa    | Phân loại               | [CAN XAC MINH]       |
| Thi quỹ hàng hóa    | Đặc điểm kỹ thuật       | [CAN XAC MINH]       |
| Thi quỹ hàng hóa    | Tỷ lệ ký quỹ [%]       | [CAN XAC MINH]       |
| Thi quỹ hàng hóa    | Chi phí giao dịch       | [CAN XAC MINH]       |
| Thi quỹ hàng hóa    | Thời gian đầu tư (năm) | [CAN XAC MINH]       |","Thi quỹ hàng hóa là gì và nó có vai trò như thế nào trong thị trường tài chính hiện nay?
Những yếu tố nào ảnh hưởng đến kết quả của cuộc thi quỹ hàng hóa và cách chúng được đánh giá?
So sánh giữa các hình thức thi quỹ hàng hóa khác nhau, như thi giao dịch hàng và thi ký quỹ, thì hình thức nào mang lại lợi ích cao hơn cho người tham gia?
Các loại hàng hóa nào thường được sử dụng trong thi quỹ hàng hóa tại Việt Nam và sự khác biệt giữa chúng là gì?
Làm thế nào để quản lý tài khoản và chia sẻ kinh nghiệm giao dịch hàng hóa hiệu quả trong bối cảnh thi quỹ hàng hóa?","| PAA Question | Vị trí (H2/H3) | Format | FS Block (≤40 từ) |
|---|---|---|---|
| Thi quỹ hàng hóa là gì và nó có vai trò như thế nào trong thị trường tài chính hiện nay? | H2: [MAIN] Tổng quan: Thi quỹ hàng hóa là gì? | Snippet | Thi quỹ hàng hóa là hình thức đầu tư tài chính, giúp nhà đầu tư tham gia vào thị trường hàng hóa một cách hiệu quả. |
| Những yếu tố nào ảnh hưởng đến kết quả của cuộc thi quỹ hàng hóa và cách chúng được đánh giá? | H3: Các yếu tố cốt lõi nhất của Thi Quỹ Hàng Hóa gồm những gì? | Snippet | Kết quả thi quỹ hàng hóa bị ảnh hưởng bởi biến động thị trường, chiến lược giao dịch và quản lý rủi ro. |
| So sánh giữa các hình thức thi quỹ hàng hóa khác nhau, như thi giao dịch hàng và thi ký quỹ, thì hình thức nào mang lại lợi ích cao hơn cho người tham gia? | H2: [MAIN] Các đặc điểm cấu tạo nổi bật nhất | Table | Thi giao dịch hàng thường mang lại lợi ích cao hơn so với thi ký quỹ do tính linh hoạt và tiềm năng sinh lời lớn hơn. |
| Các loại hàng hóa nào thường được sử dụng trong thi quỹ hàng hóa tại Việt Nam và sự khác biệt giữa chúng là gì? | H3: Thông số kỹ thuật và phân loại của ứng dụng thực tiễn trong đời sống và xây dựng? | List | Các loại hàng hóa phổ biến bao gồm nông sản, kim loại và năng lượng, mỗi loại có đặc điểm và rủi ro riêng. |
| Làm thế nào để quản lý tài khoản và chia sẻ kinh nghiệm giao dịch hàng hóa hiệu quả trong bối cảnh thi quỹ hàng hóa? | H2: [SUPP] Câu hỏi thường gặp (FAQ) | Snippet | Quản lý tài khoản hiệu quả cần theo dõi thường 
...(truncated)","giao dịch (3)
hàng hóa (2)
giá trị (2)
cuộc thi (2)
gia cuộc (2)","Nguyên tắc 1: Viết câu đầu tiên ngay sau Heading H2/H3 phải trả lời trực tiếp nội dung Heading đó. | Nguyên tắc 2: Sử dụng thông tin phản hồi nhanh gọn, đi thẳng vào vấn đề để tăng độ rõ ràng. | Nguyên tắc 3: Xưng hô 'Tôi' hoặc 'Chúng tôi' để tăng tính E-E-A-T trong nội dung.","H1: Thi Quỹ Hàng Hóa
H2: [MAIN] Tổng quan: Thi quỹ hàng hóa là gì?
H3: Các yếu tố cốt lõi nhất của Thi Quỹ Hàng Hóa gồm những gì?
H2: [MAIN] Các đặc điểm cấu tạo nổi bật nhất
H3: Đặc điểm đáng lưu ý của các đặc điểm cấu tạo nổi bật nhất là gì?
H2: [MAIN] Ứng dụng thực tiễn trong đời sống và xây dựng
H3: Thông số kỹ thuật và phân loại của ứng dụng thực tiễn trong đời sống và xây dựng?
H2: [MAIN] Những lưu ý quan trọng khi chọn mua và sử dụng
H2: [SUPP] Câu hỏi thường gặp (FAQ)
H2: [SUPP] Thi quỹ hàng hóa: Những trường hợp không nên sử dụng","Node: trọng lượng thép ống (trọng lượng thép ống)
Node: thép cầu vĩnh tuy (thép cầu vĩnh tuy)
Node: so sánh thép cán nóng và cán nguội (so sánh thép cán nóng và cán nguội)
Node: khác biệt giữa thép hình I và H (khác biệt giữa thép hình I và H)
Node: báo giá thép xây dựng hôm nay (báo giá thép xây dựng hôm nay)","## 🎯 SOURCE CONTEXT ALIGNMENT CHECKLIST

✅ **Brand mention**: 'SACT' có xuất hiện trong brief
✅ **GEO Keywords**: Tìm thấy (giao dịch hàng hóa phái sinh Hà Nội,  mở tài khoản hàng hóa phái sinh Hoàng Mai,  giao dịch hàng hóa phái sinh Định Công)
✅ **Supplement Section**: Có [SUPP] heading
✅ **NAP Hotline**: Có tìm thấy hotline '024 7304 6968, 086 5450 045, (094) 543 5430.' trong brief
✅ **Competitor Brand Rule**: Không vi phạm

**Điểm Alignment: 4/4** (Tốt)","## 📊 KORAY QUALITY SCORE: **74/100** (Grade B)

| Tiêu chí | Điểm |
|----------|------|
| ❌ 1. Contextual Vector | 0/10 |
| ⚠️ 2. Contextual Hierarchy (H3) | 7/10 |
| ✅ 3. FS Blocks (≤60 từ) | 10/10 |
| ✅ 4. PAA Mapping | 10/10 |
| ✅ 5. Main/Supp Split | 10/10 |
| ✅ 6. EAV Coverage | 10/10 |
| ✅ 7. Source Context Alignment | 10/10 |
| ✅ 8. Internal Link Logic | 10/10 |
| ⚠️ 9. Sapo Quality | 5/10 |
| ✅ 10. Attribute Filtration (H2 count) | 10/10 |
| ❌ 11. Per-H2 Guidance (Word Count) | 0/10 |

### ❌ Các vấn đề phát hiện:
- ❌ 2 heading generic không đủ cụ thể
- ⚠️ Có 1 FS snippet khá dài (> 60 từ). Cân nhắc rút gọn để tối ưu Featured Snippet.
- ⚠️ Sapo có 166 từ (chuẩn 80-120, dung sai 56-156 từ)","# BÁO CÁO PHÂN TÍCH & CONTENT BRIEF: Thi quỹ hàng hóa

> **Ngày tạo**: Auto-generated by Content Brief Generator

---

# PHẦN 1: ACTIONABLE CONTENT BRIEF

## 1. Meta Information

| Hạng mục | Nội dung |
|---|---|
| **Title Tag** | Thi Quỹ Hàng Hóa | Hướng Dẫn Chi Tiết [2026] |
| **Meta Description** | Tìm hiểu thi quỹ hàng hóa chi tiết: đặc điểm, phân loại, ứng dụng và lưu ý quan trọng. Cập nhật 2026. |
| **Target Keyword** | Thi quỹ hàng hóa |
| **Central Entity** | Thi quỹ hàng hóa |

## 2. Semantic Outline

> ✅ Outline từ dữ liệu thực tế (PAA + Competitor + Content Gaps)

**Thi Quỹ Hàng Hóa**
- 🟢 **[MAIN]** Tổng quan: Thi quỹ hàng hóa là gì?
  - ↳ Các yếu tố cốt lõi nhất của Thi Quỹ Hàng Hóa gồm những gì?
- 🟢 **[MAIN]** Các đặc điểm cấu tạo nổi bật nhất
  - ↳ Đặc điểm đáng lưu ý của các đặc điểm cấu tạo nổi bật nhất là gì?
- 🟢 **[MAIN]** Ứng dụng thực tiễn trong đời sống và xây dựng
  - ↳ Thông số kỹ thuật và phân loại của ứng dụng thực tiễn trong đời sống và xây dựng?
- 🟢 **[MAIN]** Những lưu ý quan trọng khi chọn mua và sử dụng
- 🟡 **[SUPP]** Câu hỏi thường gặp (FAQ)
- 🟡 **[SUPP]** Thi quỹ hàng hóa: Những trường hợp không nên sử dụng

> ✅ H3 Ratio: 3 H3 / 6 H2 = 50% (chuẩn ≥50%)

> **🎯 H3 Micro-Briefing (Koray: Mỗi H3 có hướng dẫn riêng):**

- **H3: Các yếu tố cốt lõi nhất của Thi Quỹ Hàng Hóa gồm những gì?**
  ↳ Viết 80-150 từ. Bắt đầu bằng câu trả lời trực tiếp câu hỏi H3. Có số liệu kỹ thuật cụ thể.

- **H3: Đặc điểm đáng lưu ý của các đặc điểm cấu tạo nổi bật nhất là gì?**
  ↳ Viết 80-150 từ. Bắt đầu bằng câu trả lời trực tiếp câu hỏi H3. Có số liệu kỹ thuật cụ thể.

- **H3: Thông số kỹ thuật và phân loại của ứng dụng thực tiễn trong đời sống và xây dựng?**
  ↳ Viết 80-150 từ. Bắt đầu bằng câu trả lời trực tiếp câu hỏi H3. Có số liệu kỹ thuật cụ thể.

## 3. Bảng Phân Tích Koray

> Nhung phan tich chuyen su thu 4 (Chi phi Toc thoi - Thu thuat Tot nhat): EAV Table, Macro Context, FS/PAA Map, Source Context Alignment.

### E. EAV Table (Entity - Attribute - Va
...(Xem full trong file MD)","# PHẦN 2: METHODOLOGY & WRITING GUIDELINES
# BÁO CÁO PHÂN TÍCH: Thi quỹ hàng hóa

## 1. Trục Chiến Lược (Core Strategy)

- **Search Intent**: Informational — Người dùng muốn TÌM HIỂU thông tin, kiến thức.
- **Methodology**: Bạn là một Content Writer chuyên nghiệp
- **Cấu trúc**: 6 H2 (33% là Supplement Content). 3 H3 (Ratio: 50%).

## 2. Dữ liệu SERP & Đối Thủ

### Top 5 Đối thủ phân tích
| # | URL | Headings | Words |
|---|---|---|---|
| 1 | https://vietnambiz.vn/thi-quy-trader-cap-von-giao-dich-va-ch... | 9 | 18 |
| 2 | https://giacatloi.vn/trading-chinh-phuc-thi-truong-phai-sinh... | 13 | 811 |
| 3 | https://deriv.com/vi/trading-competitions | 0 | 0 |
| 4 | https://litefinance.vn/contests/ | 7 | 747 |
| 5 | https://mxv.com.vn/giao-dich/ky-quy.html | 2 | 529 |

### Khai thác & Mở rộng
**Semantic Voids (Rare Headings):**
- Quy trình đánh giá hiệu quả thi quỹ
- Chiến lược quản lý rủi ro trong thi quỹ
- Cách xây dựng danh mục đầu tư trong thi quỹ
- Các yếu tố ảnh hưởng đến thành công trong thi quỹ
- Phân tích tâm lý giao dịch trong thi quỹ hàng hóa

## 3. Semantic Keyword Network (Clusters)

*(Từ 31 keyword ban đầu → 31 keyword cốt lõi)*

- **Hướng dẫn thi quỹ** (Informational): 
- **Có nên thi quỹ** (Informational): 
- **Giá thi quỹ** (Commercial): 
- **Thông tin về quỹ hàng hóa** (Informational): 

## 4. E-E-A-T & Quality Checks

**Source Context Alignment (Độ khớp với website):**
## 🎯 SOURCE CONTEXT ALIGNMENT CHECKLIST

✅ **Brand mention**: 'SACT' có xuất hiện trong brief
✅ **GEO Keywords**: Tìm thấy (giao dịch hàng hóa phái sinh Hà Nội,  mở tài khoản hàng hóa phái sinh Hoàng Mai,  giao dịch hàng hóa phái sinh Định Công)
✅ **Supplement Section**: Có [SUPP] heading
✅ **NAP Hotline**: Có tìm thấy hotline '024 7304 6968, 086 5450 045, (094) 543 5430.' trong brief
✅ **Competitor Brand Rule**: Không vi phạm

**Điểm Alignment: 4/4** (Tốt)

**E-E-A-T Tasks:**
- [ ] **Experience (Kinh nghiệm)**: Chia sẻ kinh nghiệm thực tế khi tham gia thị trường hàng hóa phái sinh. Mô tả
...(Xem full trong file MD)"
